year, month, day, tmax, tavg, tmin, humid, wind, sunshine, rainfall, snow, cloud
2023, 1, 1, 5.7, 0.4, -3.5, 70.9, 0.6, 7.2, 0.0, 0.0, 0.0
2023, 1, 2, 2.1, -1.7, -5.3, 66.0, 1.0, 8.0, 0.0, 0.0, 4.0
2023, 1, 3, 3.3, -2.3, -7.4, 71.5, 0.8, 8.0, 0.0, 0.0, 1.9
2023, 1, 4, 5.6, -0.5, -5.7, 75.6, 0.5, 4.4, 0.0, 0.0, 2.6
2023, 1, 5, 7.2, 1.7, -2.6, 79.0, 0.5, 6.7, 0.0, 0.0, 6.6
2023, 1, 6, 7.5, 2.7, -2.6, 85.6, 0.9, 3.2, 2.4, 0.0, 5.5
2023, 1, 7, 7.8, 3.9, -1.4, 68.5, 2.0, 4.9, 0.0, 0.0, 3.1
2023, 1, 8, 8.1, 2.5, -2.6, 77.1, 0.6, 7.5, 0.0, 0.0, 0.1
2023, 1, 9, 10.5, 4.6, -1.4, 77.8, 1.3, 2.5, 0.0, 0.0, 4.6
2023, 1, 10, 6.6, 0.6, -5.1, 73.9, 0.5, 7.4, 0.0, 0.0, 2.6
2023, 1, 11, 10.3, 2.2, -3.4, 76.6, 0.4, 8.1, 0.0, 0.0, 0.1
2023, 1, 12, 16.3, 7.8, -1.8, 66.1, 0.7, 6.8, 0.3, 0.0, 1.9
2023, 1, 13, 15.3, 11.9, 8.5, 97.5, 1.9, 0.0, 27.8, 0.0, 6.0
2023, 1, 14, 8.6, 6.1, 4.6, 96.4, 2.2, 0.0, 0.0, 0.0, 8.6
2023, 1, 15, 5.0, 1.4, -0.2, 75.6, 2.3, 0.0, 0.8, 0.0, 9.6
2023, 1, 16, 1.2, -1.5, -4.0, 61.9, 1.8, 5.4, 0.0, 0.0, 4.6
2023, 1, 17, 3.6, -1.3, -5.5, 65.8, 0.7, 8.0, 0.0, 0.0, 5.6
2023, 1, 18, 5.0, 0.3, -2.4, 77.6, 0.7, 5.8, 0.0, 0.0, 3.9
2023, 1, 19, 7.2, 2.1, -3.8, 72.1, 1.2, 5.9, 0.0, 0.0, 5.3
2023, 1, 20, 5.9, 1.0, -3.9, 55.5, 2.1, 6.0, 0.0, 0.0, 4.3
2023, 1, 21, 3.3, -2.1, -7.1, 68.4, 0.7, 8.4, 0.0, 0.0, 3.3
2023, 1, 22, 5.4, 0.8, -3.3, 69.4, 0.6, 0.0, 0.0, 0.0, 9.0
2023, 1, 23, 8.0, 1.6, -2.6, 70.3, 1.6, 6.2, 0.0, 0.0, 5.6
2023, 1, 24, -1.2, -8.0, -10.5, 70.8, 3.1, 1.2, 2.6, 0.0, 8.3
2023, 1, 25, -3.9, -9.9, -15.3, 62.4, 1.1, 8.9, 0.0, 0.0, 3.1
2023, 1, 26, 1.8, -1.7, -10.6, 78.1, 1.4, 0.0, 0.4, 0.0, 9.4
2023, 1, 27, -0.4, -3.2, -6.1, 67.3, 1.9, 6.1, 0.1, 0.0, 6.3
2023, 1, 28, -0.2, -3.8, -9.4, 77.1, 0.8, 4.6, 1.0, 0.0, 5.1
2023, 1, 29, 6.2, 0.8, -6.9, 73.9, 1.5, 5.8, 0.0, 0.0, 1.8
2023, 1, 30, 5.9, 0.4, -4.5, 60.0, 1.0, 9.2, 0.0, 0.0, 0.0
2023, 1, 31, 10.6, 3.6, -3.3, 66.3, 1.6, 9.1, 0.0, 0.0, 1.3
2023, 2, 1, 7.8, 3.9, -0.7, 70.0, 1.7, 6.3, 0.0, 0.0, 6.1
2023, 2, 2, 3.4, -0.5, -3.7, 60.4, 1.2, 7.5, 0.0, 0.0, 6.3
2023, 2, 3, 3.4, -0.3, -3.2, 60.6, 1.1, 7.1, 0.0, 0.0, 4.5
2023, 2, 4, 7.1, -0.2, -5.6, 72.9, 0.6, 9.3, 0.0, 0.0, 0.9
2023, 2, 5, 8.8, 0.7, -4.9, 69.4, 0.7, 9.4, 0.0, 0.0, 0.0
2023, 2, 6, 11.1, 2.4, -4.8, 65.8, 0.8, 5.8, 0.0, 0.0, 5.1
2023, 2, 7, 9.5, 3.1, -1.8, 76.6, 1.5, 8.1, 0.0, 0.0, 3.5
2023, 2, 8, 7.9, 1.6, -2.8, 78.4, 1.3, 8.7, 0.0, 0.0, 5.1
2023, 2, 9, 11.6, 4.5, -3.8, 62.3, 1.1, 4.3, 0.2, 0.0, 7.6
2023, 2, 10, 8.6, 4.4, 1.2, 89.3, 1.8, 5.0, 2.2, 0.0, 6.3
2023, 2, 11, 8.2, 1.9, -1.9, 89.0, 0.8, 1.1, 0.0, 0.0, 6.3
2023, 2, 12, 7.6, 3.3, -2.6, 81.3, 0.7, 0.3, 0.0, 0.0, 7.1
2023, 2, 13, 11.0, 5.8, 3.7, 77.1, 1.8, 3.8, 0.0, 0.0, 7.5
2023, 2, 14, 5.3, 1.8, -2.1, 67.1, 2.1, 8.9, 0.0, 0.0, 1.6
2023, 2, 15, 6.7, 1.9, -3.1, 70.5, 0.8, 1.4, 0.0, 0.0, 6.4
2023, 2, 16, 7.1, 3.0, -1.7, 74.6, 0.9, 3.7, 0.0, 0.0, 5.4
2023, 2, 17, 6.7, 3.3, -1.6, 70.4, 0.6, 0.1, 0.0, 0.0, 9.1
2023, 2, 18, 9.4, 6.6, 4.4, 68.8, 0.5, 0.0, 0.6, 0.0, 9.5
2023, 2, 19, 6.4, 3.3, -2.1, 76.1, 2.2, 5.7, 1.4, 0.0, 4.5
2023, 2, 20, 6.2, 0.5, -3.2, 60.4, 1.7, 9.8, 0.0, 0.0, 1.9
2023, 2, 21, 3.5, -0.9, -5.2, 57.6, 1.4, 10.2, 0.0, 0.0, 2.5
2023, 2, 22, 7.4, 1.2, -5.1, 68.4, 1.2, 6.9, 0.1, 0.0, 5.6
2023, 2, 23, 9.0, 2.9, -2.3, 78.3, 1.2, 8.5, 0.3, 0.0, 6.3
2023, 2, 24, 9.0, 3.8, 0.0, 67.4, 1.5, 8.5, 0.0, 0.0, 3.4
2023, 2, 25, 4.8, 1.0, -3.3, 56.9, 1.8, 10.0, 0.0, 0.0, 1.1
2023, 2, 26, 7.8, 0.9, -5.6, 60.0, 1.0, 10.2, 0.0, 0.0, 2.3
2023, 2, 27, 11.4, 2.4, -4.9, 68.8, 0.9, 10.2, 0.0, 0.0, 1.0
2023, 2, 28, 14.8, 6.0, -4.0, 70.9, 1.4, 10.2, 0.0, 0.0, 2.6
2023, 3, 1, 10.6, 6.5, 2.0, 73.0, 1.7, 4.6, 0.0, 0.0, 4.9
2023, 3, 2, 6.0, 2.8, -1.8, 45.5, 2.1, 10.2, 0.0, 0.0, 1.1
2023, 3, 3, 11.4, 3.3, -4.6, 62.0, 0.8, 9.7, 0.0, 0.0, 3.0
2023, 3, 4, 14.4, 5.7, -0.7, 68.0, 1.1, 9.0, 0.0, 0.0, 4.4
2023, 3, 5, 16.2, 6.1, -1.0, 59.9, 1.0, 9.8, 0.0, 0.0, 2.5
2023, 3, 6, 17.0, 8.3, -0.6, 56.8, 1.0, 10.0, 0.0, 0.0, 2.0
2023, 3, 7, 21.6, 13.8, 5.3, 48.9, 2.4, 9.3, 0.0, 0.0, 2.1
2023, 3, 8, 21.1, 14.9, 8.3, 52.9, 2.9, 9.5, 0.0, 0.0, 5.1
2023, 3, 9, 17.6, 11.4, 6.2, 81.4, 2.7, 6.7, 0.0, 0.0, 6.9
2023, 3, 10, 23.8, 13.7, 3.7, 59.6, 1.3, 9.5, 0.0, 0.0, 4.1
2023, 3, 11, 24.9, 16.3, 9.3, 41.3, 1.7, 8.0, 0.0, 0.0, 5.6
2023, 3, 12, 10.6, 6.6, 2.7, 74.0, 2.6, 0.6, 8.7, 0.0, 7.8
2023, 3, 13, 8.3, 4.0, -0.9, 46.3, 1.6, 10.1, 0.0, 0.0, 2.5
2023, 3, 14, 18.3, 10.1, 1.1, 44.9, 2.8, 10.2, 0.0, 0.0, 2.3
2023, 3, 15, 21.0, 11.9, 6.1, 64.4, 3.3, 6.8, 0.0, 0.0, 5.0
2023, 3, 16, 12.3, 6.2, 0.9, 43.0, 2.1, 6.9, 0.0, 0.0, 5.9
2023, 3, 17, 11.2, 7.2, 3.3, 50.9, 1.5, 0.0, 0.0, 0.0, 9.1
2023, 3, 18, 11.8, 7.4, 3.3, 60.5, 2.4, 7.5, 0.0, 0.0, 4.3
2023, 3, 19, 14.4, 6.8, 0.9, 70.3, 1.2, 10.2, 0.0, 0.0, 3.0
2023, 3, 20, 16.9, 7.3, -0.1, 66.5, 1.1, 8.6, 0.0, 0.0, 4.8
2023, 3, 21, 22.3, 11.5, 4.2, 49.8, 1.3, 10.2, 0.0, 0.0, 3.8
2023, 3, 22, 24.1, 13.2, 5.5, 61.0, 0.9, 6.1, 1.0, 0.0, 6.8
2023, 3, 23, 13.9, 10.5, 8.1, 84.4, 2.2, 0.4, 10.1, 0.0, 8.9
2023, 3, 24, 13.2, 8.5, 6.1, 66.4, 2.3, 6.5, 0.0, 0.0, 8.0
2023, 3, 25, 13.9, 9.0, 4.5, 72.9, 1.3, 2.4, 0.0, 0.0, 7.8
2023, 3, 26, 13.0, 8.1, 4.0, 61.1, 2.1, 10.1, 0.0, 0.0, 3.9
2023, 3, 27, 13.0, 6.1, -0.3, 57.5, 1.2, 10.3, 0.0, 0.0, 1.9
2023, 3, 28, 15.8, 7.8, 1.3, 61.3, 0.9, 6.1, 0.0, 0.0, 2.5
2023, 3, 29, 20.5, 9.0, 1.0, 70.9, 1.2, 10.2, 0.0, 0.0, 2.1
2023, 3, 30, 21.0, 11.4, 2.0, 53.5, 1.4, 8.5, 0.0, 0.0, 6.3
2023, 3, 31, 21.3, 11.5, 3.2, 49.1, 1.6, 10.3, 0.0, 0.0, 1.8
2023, 4, 1, 24.6, 13.5, 4.5, 47.8, 1.2, 10.4, 0.0, 0.0, 2.4
2023, 4, 2, 25.4, 16.0, 5.7, 41.1, 1.6, 10.6, 0.0, 0.0, 0.5
2023, 4, 3, 25.7, 15.5, 5.7, 42.3, 1.6, 10.3, 0.0, 0.0, 4.0
2023, 4, 4, 22.2, 15.9, 10.1, 63.6, 2.7, 2.0, 13.3, 0.0, 9.4
2023, 4, 5, 17.5, 13.9, 9.6, 86.6, 4.1, 0.0, 19.2, 0.0, 9.8
2023, 4, 6, 11.2, 9.5, 7.3, 90.8, 1.8, 0.0, 6.0, 0.0, 9.5
2023, 4, 7, 0.0, 0.0, 0.0, 78.5, 1.7, 0.9, 0.0, 0.0, 4.9
2023, 4, 8, 14.3, 8.2, 1.4, 67.1, 1.7, 10.5, 0.0, 0.0, 0.6
2023, 4, 9, 17.4, 9.8, 3.5, 55.3, 1.6, 10.9, 0.0, 0.0, 0.6
2023, 4, 10, 21.1, 13.7, 4.4, 48.3, 2.6, 10.4, 0.0, 0.0, 2.1
2023, 4, 11, 21.5, 14.9, 10.1, 75.9, 3.6, 2.0, 0.5, 0.0, 7.3
2023, 4, 12, 15.9, 10.1, 4.7, 44.1, 1.5, 10.8, 0.0, 0.0, 1.0
2023, 4, 13, 20.0, 11.9, 3.7, 43.6, 1.2, 10.3, 0.0, 0.0, 1.1
2023, 4, 14, 19.1, 13.3, 5.2, 66.9, 1.1, 0.0, 1.0, 0.0, 7.9
2023, 4, 15, 16.8, 12.0, 7.2, 89.1, 1.4, 3.2, 5.4, 0.0, 7.0
2023, 4, 16, 15.8, 10.8, 6.2, 80.8, 1.7, 8.4, 0.0, 0.0, 4.9
2023, 4, 17, 21.4, 14.1, 5.3, 58.4, 1.3, 10.3, 0.0, 0.0, 3.8
2023, 4, 18, 20.0, 17.1, 14.9, 82.6, 2.5, 0.0, 0.6, 0.0, 8.8
2023, 4, 19, 25.0, 18.4, 14.0, 82.9, 1.6, 1.7, 0.0, 0.0, 5.9
2023, 4, 20, 23.8, 16.6, 13.2, 86.4, 1.6, 10.4, 0.0, 0.0, 3.9
2023, 4, 21, 19.8, 15.4, 12.8, 70.6, 2.3, 8.4, 0.2, 0.0, 4.6
2023, 4, 22, 22.6, 16.1, 11.9, 46.8, 1.6, 8.3, 0.0, 0.0, 6.6
2023, 4, 23, 20.8, 14.9, 11.5, 51.1, 1.4, 0.2, 0.0, 0.0, 8.8
2023, 4, 24, 18.7, 14.4, 11.1, 55.6, 1.4, 2.9, 0.0, 0.0, 8.8
2023, 4, 25, 12.8, 10.5, 6.8, 76.9, 1.4, 0.0, 0.5, 0.0, 8.4
2023, 4, 26, 12.7, 8.7, 4.9, 77.1, 1.9, 5.6, 0.0, 0.0, 5.9
2023, 4, 27, 18.8, 10.4, 2.4, 72.6, 1.4, 11.6, 0.0, 0.0, 0.9
2023, 4, 28, 22.6, 16.1, 5.4, 65.8, 1.9, 6.3, 0.0, 0.0, 5.0
2023, 4, 29, 18.7, 14.2, 10.3, 86.0, 2.4, 0.0, 1.9, 0.0, 9.0
2023, 4, 30, 20.5, 13.8, 6.5, 62.0, 1.8, 12.0, 0.0, 0.0, 1.6
2023, 5, 1, 21.8, 14.4, 7.6, 63.4, 1.3, 12.4, 0.0, 0.0, 1.8
2023, 5, 2, 25.5, 17.2, 9.1, 53.5, 1.3, 9.7, 0.0, 0.0, 5.9
2023, 5, 3, 23.9, 18.5, 11.7, 61.3, 2.3, 4.2, 0.0, 0.0, 8.9
2023, 5, 4, 22.9, 19.5, 17.3, 72.1, 3.9, 1.7, 7.7, 0.0, 9.4
2023, 5, 5, 21.4, 20.1, 18.3, 95.5, 2.4, 0.0, 131.8, 0.0, 9.5
2023, 5, 6, 20.5, 16.2, 14.0, 94.0, 2.8, 0.0, 5.3, 0.0, 8.8
2023, 5, 7, 16.0, 12.5, 8.5, 81.5, 2.3, 0.5, 5.0, 0.0, 7.1
2023, 5, 8, 20.4, 13.0, 6.3, 68.6, 1.3, 12.0, 0.0, 0.0, 4.6
2023, 5, 9, 21.1, 14.4, 6.9, 64.9, 1.1, 12.4, 0.0, 0.0, 1.0
2023, 5, 10, 23.7, 16.5, 9.8, 63.6, 1.3, 11.7, 0.0, 0.0, 4.1
2023, 5, 11, 24.8, 16.7, 9.8, 63.0, 1.2, 12.2, 0.0, 0.0, 2.9
2023, 5, 12, 23.7, 17.4, 11.4, 67.1, 1.1, 2.6, 0.0, 0.0, 9.1
2023, 5, 13, 21.2, 16.7, 12.9, 73.9, 1.7, 12.4, 0.0, 0.0, 2.8
2023, 5, 14, 24.3, 17.1, 10.7, 67.6, 1.1, 12.6, 0.0, 0.0, 1.3
2023, 5, 15, 28.4, 19.9, 11.6, 63.0, 1.5, 11.0, 0.0, 0.0, 4.0
2023, 5, 16, 31.9, 24.2, 16.2, 48.0, 2.0, 12.2, 0.0, 0.0, 1.6
2023, 5, 17, 30.4, 23.7, 17.9, 59.9, 2.4, 11.6, 0.0, 0.0, 5.1
2023, 5, 18, 20.4, 18.7, 17.0, 85.0, 1.8, 0.0, 1.5, 0.0, 9.3
2023, 5, 19, 26.9, 20.4, 14.8, 72.5, 1.6, 8.2, 0.0, 0.0, 2.8
2023, 5, 20, 25.7, 19.4, 15.7, 78.9, 1.9, 9.9, 0.0, 0.0, 4.9
2023, 5, 21, 21.4, 17.1, 14.6, 80.6, 1.8, 5.8, 0.0, 0.0, 6.8
2023, 5, 22, 21.1, 16.4, 13.1, 81.4, 1.3, 4.4, 0.6, 0.0, 5.4
2023, 5, 23, 24.8, 17.5, 12.0, 69.8, 1.6, 12.5, 0.0, 0.0, 0.4
2023, 5, 24, 25.1, 18.5, 13.1, 70.4, 1.0, 4.0, 0.0, 0.0, 7.6
2023, 5, 25, 26.8, 20.4, 15.4, 57.3, 1.5, 7.7, 0.0, 0.0, 6.6
2023, 5, 26, 26.2, 20.9, 15.9, 66.4, 1.0, 4.7, 0.0, 0.0, 8.5
2023, 5, 27, 27.0, 23.0, 20.5, 70.4, 2.3, 0.6, 0.3, 0.0, 9.1
2023, 5, 28, 24.1, 21.9, 19.5, 89.9, 1.9, 0.0, 22.3, 0.0, 9.6
2023, 5, 29, 22.3, 20.2, 19.0, 96.5, 1.2, 0.0, 61.7, 0.0, 9.0
2023, 5, 30, 28.0, 22.5, 19.8, 85.5, 1.5, 4.1, 0.5, 0.0, 6.8
2023, 5, 31, 28.5, 22.4, 19.4, 77.0, 1.6, 8.8, 0.0, 0.0, 5.1
2023, 6, 1, 24.9, 21.1, 18.3, 80.6, 1.2, 1.2, 0.1, 0.0, 8.4
2023, 6, 2, 23.5, 20.0, 17.6, 83.3, 2.1, 4.5, 0.0, 0.0, 7.0
2023, 6, 3, 26.8, 20.2, 15.3, 71.1, 1.5, 11.2, 0.0, 0.0, 3.0
2023, 6, 4, 26.8, 20.9, 15.4, 68.3, 1.3, 11.2, 0.0, 0.0, 5.5
2023, 6, 5, 24.7, 20.3, 17.3, 70.6, 1.2, 3.6, 0.0, 0.0, 7.8
2023, 6, 6, 25.8, 19.8, 16.5, 76.1, 1.5, 10.3, 0.0, 0.0, 2.8
2023, 6, 7, 26.6, 21.4, 16.2, 77.5, 1.4, 8.3, 0.0, 0.0, 7.6
2023, 6, 8, 28.4, 21.5, 18.1, 75.4, 1.9, 5.9, 0.0, 0.0, 6.8
2023, 6, 9, 30.0, 24.2, 19.5, 60.3, 1.8, 10.4, 0.0, 0.0, 4.6
2023, 6, 10, 31.0, 23.4, 19.1, 67.9, 2.3, 5.5, 0.9, 0.0, 6.8
2023, 6, 11, 27.0, 22.3, 18.6, 79.3, 1.7, 10.1, 0.0, 0.0, 3.9
2023, 6, 12, 27.2, 21.8, 17.9, 78.9, 1.6, 8.5, 0.0, 0.0, 3.9
2023, 6, 13, 26.6, 21.3, 17.7, 75.9, 1.6, 12.6, 0.0, 0.0, 3.4
2023, 6, 14, 26.2, 21.1, 17.4, 77.0, 1.4, 11.1, 0.0, 0.0, 3.0
2023, 6, 15, 26.6, 21.1, 16.0, 75.8, 1.5, 12.6, 0.0, 0.0, 1.0
2023, 6, 16, 28.0, 22.4, 17.1, 74.0, 1.4, 11.9, 0.0, 0.0, 2.4
2023, 6, 17, 29.5, 22.7, 17.7, 72.4, 1.3, 8.4, 0.0, 0.0, 6.9
2023, 6, 18, 27.9, 22.8, 19.3, 70.4, 1.7, 10.7, 0.0, 0.0, 3.9
2023, 6, 19, 32.9, 24.2, 18.2, 69.4, 1.6, 9.7, 0.0, 0.0, 5.5
2023, 6, 20, 28.5, 23.6, 20.0, 75.5, 1.3, 2.8, 2.4, 0.0, 7.9
2023, 6, 21, 23.4, 21.8, 20.2, 89.6, 1.9, 0.2, 0.0, 0.0, 8.1
2023, 6, 22, 25.9, 22.4, 19.5, 78.8, 2.1, 7.7, 0.0, 0.0, 5.1
2023, 6, 23, 29.4, 23.6, 18.8, 79.4, 1.3, 9.3, 0.0, 0.0, 5.8
2023, 6, 24, 31.1, 24.9, 20.8, 74.3, 1.5, 9.0, 0.0, 0.0, 7.1
2023, 6, 25, 31.0, 24.4, 20.5, 75.1, 1.9, 3.7, 3.7, 0.0, 8.6
2023, 6, 26, 26.9, 24.7, 21.6, 89.6, 3.0, 0.0, 18.8, 0.0, 9.5
2023, 6, 27, 30.2, 25.8, 21.4, 79.3, 2.1, 8.9, 40.5, 0.0, 6.5
2023, 6, 28, 27.1, 23.6, 20.1, 88.5, 2.8, 2.5, 117.3, 0.0, 8.4
2023, 6, 29, 26.4, 25.0, 23.8, 91.1, 2.8, 0.0, 54.9, 0.0, 9.0
2023, 6, 30, 26.3, 24.5, 23.2, 92.0, 1.9, 0.0, 8.6, 0.0, 8.4
2023, 7, 1, 29.2, 25.0, 23.1, 89.8, 1.3, 5.4, 0.7, 0.0, 5.9
2023, 7, 2, 31.6, 26.2, 23.1, 83.4, 1.2, 4.9, 0.0, 0.0, 6.9
2023, 7, 3, 31.0, 26.6, 23.0, 85.3, 1.2, 5.3, 0.0, 0.0, 7.1
2023, 7, 4, 25.9, 24.9, 23.5, 92.1, 2.2, 0.0, 57.9, 0.0, 9.3
2023, 7, 5, 27.6, 24.9, 22.3, 79.9, 2.8, 7.6, 28.4, 0.0, 3.9
2023, 7, 6, 32.0, 26.5, 21.8, 72.6, 2.1, 6.6, 0.0, 0.0, 7.1
2023, 7, 7, 24.7, 22.7, 20.4, 92.0, 1.8, 0.0, 39.5, 0.0, 9.0
2023, 7, 8, 29.5, 25.3, 21.9, 90.1, 1.4, 4.9, 3.8, 0.0, 6.4
2023, 7, 9, 30.7, 27.3, 24.7, 85.9, 2.5, 1.2, 0.0, 0.0, 7.0
2023, 7, 10, 32.0, 27.8, 25.7, 76.1, 2.3, 9.6, 0.0, 0.0, 6.8
2023, 7, 11, 27.3, 25.5, 23.3, 89.5, 2.3, 0.1, 11.9, 0.0, 9.1
2023, 7, 12, 29.7, 26.7, 24.3, 87.0, 1.8, 5.8, 0.2, 0.0, 7.3
2023, 7, 13, 27.2, 26.0, 24.7, 91.9, 2.7, 0.0, 26.5, 0.0, 9.8
2023, 7, 14, 26.5, 25.3, 24.5, 93.3, 5.1, 0.0, 194.5, 0.0, 9.3
2023, 7, 15, 26.7, 24.8, 23.2, 92.9, 3.2, 0.0, 32.5, 0.0, 9.8
2023, 7, 16, 28.3, 25.0, 23.2, 88.5, 1.5, 1.1, 2.3, 0.0, 9.8
2023, 7, 17, 31.3, 25.8, 23.3, 89.9, 2.0, 4.8, 22.6, 0.0, 8.9
2023, 7, 18, 24.7, 23.7, 23.0, 96.9, 1.9, 0.0, 69.2, 0.0, 8.4
2023, 7, 19, 29.5, 25.6, 22.1, 84.8, 1.7, 11.7, 0.0, 0.0, 3.3
2023, 7, 20, 30.1, 25.3, 21.6, 86.0, 1.1, 8.4, 0.0, 0.0, 5.9
2023, 7, 21, 33.0, 27.3, 22.5, 81.6, 1.0, 9.8, 0.0, 0.0, 3.0
2023, 7, 22, 27.7, 24.9, 22.3, 83.4, 2.4, 1.0, 11.5, 0.0, 8.1
2023, 7, 23, 27.2, 25.6, 24.4, 92.1, 2.4, 0.0, 104.3, 0.0, 9.5
2023, 7, 24, 30.1, 25.9, 22.6, 87.8, 1.6, 2.9, 17.3, 0.0, 8.9
2023, 7, 25, 30.9, 26.1, 23.8, 89.0, 1.3, 1.6, 20.5, 0.0, 8.9
2023, 7, 26, 32.4, 26.8, 24.1, 85.9, 1.2, 4.2, 2.0, 0.0, 8.5
2023, 7, 27, 32.2, 27.3, 23.2, 83.0, 0.9, 8.0, 0.0, 0.0, 5.6
2023, 7, 28, 33.6, 28.4, 24.0, 77.4, 1.4, 10.5, 0.0, 0.0, 5.1
2023, 7, 29, 34.0, 28.9, 24.5, 75.5, 0.9, 11.0, 0.0, 0.0, 4.5
2023, 7, 30, 33.0, 27.6, 24.0, 80.5, 1.3, 10.3, 1.6, 0.0, 5.5
2023, 7, 31, 33.4, 28.3, 23.8, 79.6, 1.1, 10.9, 0.0, 0.0, 4.8
2023, 8, 1, 34.5, 28.8, 24.9, 79.0, 1.0, 10.8, 0.0, 0.0, 5.1
2023, 8, 2, 33.8, 28.7, 25.2, 77.4, 1.0, 12.1, 0.0, 0.0, 3.9
2023, 8, 3, 35.0, 29.3, 24.5, 71.1, 0.9, 11.2, 0.0, 0.0, 3.5
2023, 8, 4, 34.1, 29.2, 25.5, 74.8, 1.0, 9.9, 0.0, 0.0, 4.3
2023, 8, 5, 34.7, 29.3, 25.1, 75.1, 1.1, 12.4, 0.0, 0.0, 3.0
2023, 8, 6, 34.0, 28.9, 25.3, 75.3, 1.5, 12.3, 0.0, 0.0, 4.1
2023, 8, 7, 34.3, 28.6, 25.4, 80.8, 1.4, 11.1, 0.0, 0.0, 4.8
2023, 8, 8, 35.6, 29.4, 25.6, 78.3, 1.1, 10.4, 2.2, 0.0, 4.0
2023, 8, 9, 31.6, 27.1, 23.8, 82.4, 2.7, 2.8, 20.0, 0.0, 7.8
2023, 8, 10, 24.5, 23.2, 21.8, 92.1, 3.3, 0.0, 71.9, 0.0, 8.3
2023, 8, 11, 30.6, 26.1, 23.3, 82.3, 1.9, 3.3, 5.1, 0.0, 8.8
2023, 8, 12, 30.1, 26.3, 23.7, 81.4, 1.1, 3.5, 0.1, 0.0, 5.9
2023, 8, 13, 32.4, 27.3, 23.3, 79.8, 1.1, 9.3, 0.0, 0.0, 5.5
2023, 8, 14, 33.1, 27.9, 24.5, 81.5, 1.1, 8.5, 0.0, 0.0, 3.8
2023, 8, 15, 31.5, 27.5, 24.0, 81.3, 1.6, 6.7, 0.0, 0.0, 5.6
2023, 8, 16, 31.5, 26.9, 24.4, 81.3, 1.4, 10.0, 0.0, 0.0, 3.9
2023, 8, 17, 31.4, 26.8, 22.5, 79.9, 1.1, 10.9, 0.0, 0.0, 4.5
2023, 8, 18, 31.8, 27.4, 23.8, 76.6, 1.3, 10.8, 0.0, 0.0, 4.5
2023, 8, 19, 31.3, 27.7, 25.3, 78.0, 1.5, 8.9, 0.0, 0.0, 5.9
2023, 8, 20, 32.6, 27.8, 24.1, 77.5, 1.1, 10.4, 0.0, 0.0, 4.3
2023, 8, 21, 34.5, 29.0, 24.7, 72.1, 1.9, 8.9, 0.0, 0.0, 4.9
2023, 8, 22, 33.1, 27.7, 24.7, 80.9, 2.1, 3.5, 4.1, 0.0, 7.0
2023, 8, 23, 29.3, 25.1, 23.8, 95.0, 1.5, 0.1, 39.2, 0.0, 9.4
2023, 8, 24, 29.0, 25.7, 23.7, 90.8, 0.8, 1.0, 2.4, 0.0, 6.5
2023, 8, 25, 30.2, 25.8, 22.1, 81.4, 1.3, 9.8, 0.0, 0.0, 2.4
2023, 8, 26, 30.9, 25.2, 21.0, 77.5, 1.1, 10.2, 0.0, 0.0, 3.9
2023, 8, 27, 31.7, 26.2, 21.9, 81.0, 0.8, 6.6, 0.0, 0.0, 6.8
2023, 8, 28, 31.4, 27.1, 24.4, 79.0, 2.1, 3.3, 2.4, 0.0, 9.3
2023, 8, 29, 28.5, 25.2, 23.0, 91.0, 1.7, 0.1, 3.7, 0.0, 9.5
2023, 8, 30, 23.3, 21.5, 19.3, 94.9, 0.7, 0.0, 17.4, 0.0, 8.6
2023, 8, 31, 27.9, 22.8, 19.3, 83.9, 0.9, 5.8, 0.0, 0.0, 6.8
2023, 9, 1, 30.2, 23.6, 18.1, 78.8, 1.2, 10.3, 0.0, 0.0, 3.0
2023, 9, 2, 30.0, 24.2, 18.5, 83.0, 0.9, 5.4, 0.0, 0.0, 2.8
2023, 9, 3, 32.2, 26.7, 23.0, 83.3, 1.0, 5.2, 0.5, 0.0, 6.6
2023, 9, 4, 31.5, 26.8, 23.1, 84.5, 1.1, 5.7, 0.0, 0.0, 8.1
2023, 9, 5, 31.7, 27.0, 23.9, 78.8, 1.2, 6.9, 0.0, 0.0, 6.3
2023, 9, 6, 31.5, 26.0, 21.9, 80.8, 1.1, 10.4, 0.0, 0.0, 1.1
2023, 9, 7, 31.1, 25.5, 20.8, 64.4, 1.1, 10.7, 0.0, 0.0, 0.1
2023, 9, 8, 29.8, 23.6, 18.3, 70.3, 1.0, 10.7, 0.0, 0.0, 0.1
2023, 9, 9, 29.6, 23.7, 18.6, 77.9, 1.1, 9.8, 0.0, 0.0, 3.1
2023, 9, 10, 28.7, 24.1, 20.5, 78.4, 1.0, 7.6, 0.0, 0.0, 6.0
2023, 9, 11, 30.1, 24.5, 20.2, 73.0, 0.9, 9.7, 0.0, 0.0, 4.4
2023, 9, 12, 28.7, 24.0, 20.3, 78.0, 0.8, 3.6, 0.0, 0.0, 7.9
2023, 9, 13, 23.1, 21.2, 19.9, 92.9, 1.0, 0.0, 26.1, 0.0, 10.0
2023, 9, 14, 25.7, 22.8, 19.9, 90.4, 0.8, 0.2, 8.0, 0.0, 9.4
2023, 9, 15, 26.6, 23.2, 21.9, 95.3, 1.1, 0.0, 28.8, 0.0, 9.6
2023, 9, 16, 28.3, 23.6, 22.4, 95.3, 1.0, 1.8, 50.0, 0.0, 8.9
2023, 9, 17, 27.7, 24.3, 22.1, 89.8, 0.9, 3.5, 0.6, 0.0, 7.5
2023, 9, 18, 29.3, 24.0, 20.7, 87.3, 1.0, 8.3, 0.0, 0.0, 3.6
2023, 9, 19, 28.6, 23.5, 20.2, 85.5, 0.8, 5.8, 0.0, 0.0, 6.1
2023, 9, 20, 26.1, 22.9, 20.7, 93.3, 2.0, 0.0, 61.8, 0.0, 8.9
2023, 9, 21, 23.3, 20.2, 17.4, 89.0, 1.5, 0.1, 2.6, 0.0, 6.8
2023, 9, 22, 25.4, 19.4, 14.3, 82.3, 0.8, 8.0, 0.0, 0.0, 3.6
2023, 9, 23, 26.5, 19.9, 15.2, 80.3, 0.8, 4.1, 0.0, 0.0, 6.9
2023, 9, 24, 27.8, 21.5, 14.7, 68.0, 1.4, 8.5, 0.0, 0.0, 7.0
2023, 9, 25, 26.7, 21.8, 18.6, 78.1, 1.2, 0.5, 1.3, 0.0, 9.6
2023, 9, 26, 26.0, 22.4, 20.2, 92.5, 1.4, 0.8, 2.6, 0.0, 7.1
2023, 9, 27, 25.4, 22.5, 21.0, 87.5, 1.6, 1.2, 0.9, 0.0, 8.3
2023, 9, 28, 26.2, 22.1, 19.1, 86.5, 1.0, 6.2, 0.9, 0.0, 5.0
2023, 9, 29, 24.6, 19.9, 16.3, 84.3, 0.7, 0.9, 0.0, 0.0, 8.3
2023, 9, 30, 23.2, 19.2, 15.6, 80.8, 1.2, 8.6, 7.1, 0.0, 6.6
2023, 10, 1, 24.4, 19.2, 14.8, 66.0, 1.2, 10.3, 0.0, 0.0, 0.8
2023, 10, 2, 24.7, 18.0, 12.0, 66.1, 1.1, 10.0, 0.0, 0.0, 3.5
2023, 10, 3, 21.6, 16.6, 12.6, 80.3, 0.8, 1.8, 0.3, 0.0, 6.3
2023, 10, 4, 23.8, 18.5, 12.1, 74.5, 1.3, 8.7, 0.0, 0.0, 5.8
2023, 10, 5, 19.8, 16.3, 12.3, 49.6, 2.0, 9.7, 0.0, 0.0, 3.5
2023, 10, 6, 20.8, 16.5, 12.1, 58.3, 0.9, 5.6, 0.0, 0.0, 9.3
2023, 10, 7, 21.3, 17.2, 12.2, 68.0, 0.6, 2.6, 0.0, 0.0, 9.5
2023, 10, 8, 22.1, 18.0, 15.4, 76.5, 1.2, 0.5, 0.2, 0.0, 9.3
2023, 10, 9, 23.2, 17.6, 14.7, 75.9, 0.9, 4.1, 0.0, 0.0, 7.0
2023, 10, 10, 21.6, 17.3, 13.8, 77.4, 1.2, 8.8, 0.0, 0.0, 3.3
2023, 10, 11, 24.7, 17.3, 11.8, 74.3, 0.8, 9.8, 0.0, 0.0, 1.5
2023, 10, 12, 24.5, 17.5, 10.9, 70.4, 0.8, 9.2, 0.0, 0.0, 5.1
2023, 10, 13, 22.3, 16.9, 13.1, 77.4, 0.7, 1.3, 0.0, 0.0, 7.6
2023, 10, 14, 22.5, 15.8, 12.1, 82.8, 1.3, 4.0, 2.8, 0.0, 6.6
2023, 10, 15, 21.5, 16.2, 12.1, 82.4, 0.9, 6.8, 0.0, 0.0, 2.6
2023, 10, 16, 19.8, 15.7, 10.3, 67.4, 1.5, 9.2, 0.0, 0.0, 1.8
2023, 10, 17, 20.3, 13.6, 7.9, 74.1, 0.8, 10.0, 0.0, 0.0, 0.6
2023, 10, 18, 23.7, 15.3, 8.4, 77.5, 0.9, 9.8, 0.0, 0.0, 3.0
2023, 10, 19, 23.2, 16.9, 13.2, 86.6, 1.4, 1.6, 3.0, 0.0, 8.9
2023, 10, 20, 17.8, 13.3, 10.8, 65.0, 2.1, 7.8, 6.9, 0.0, 6.1
2023, 10, 21, 18.9, 11.7, 6.6, 68.5, 1.4, 6.9, 0.1, 0.0, 1.4
2023, 10, 22, 18.4, 12.9, 6.0, 74.6, 0.6, 5.3, 0.0, 0.0, 6.1
2023, 10, 23, 21.3, 14.6, 11.2, 77.6, 0.8, 8.4, 0.0, 0.0, 2.5
2023, 10, 24, 21.7, 15.4, 10.4, 75.8, 0.9, 9.2, 0.0, 0.0, 5.3
2023, 10, 25, 23.2, 16.7, 11.8, 80.1, 0.8, 9.1, 0.0, 0.0, 3.0
2023, 10, 26, 22.6, 17.2, 11.6, 84.4, 1.1, 8.2, 0.0, 0.0, 3.5
2023, 10, 27, 18.8, 15.2, 11.0, 67.3, 1.6, 9.8, 0.0, 0.0, 1.4
2023, 10, 28, 20.6, 14.0, 9.4, 82.4, 0.6, 7.9, 0.0, 0.0, 1.4
2023, 10, 29, 21.6, 14.2, 8.7, 81.0, 0.8, 9.7, 0.0, 0.0, 2.5
2023, 10, 30, 21.3, 14.8, 10.0, 83.0, 0.8, 8.9, 0.0, 0.0, 2.4
2023, 10, 31, 21.8, 14.7, 9.7, 80.8, 0.9, 6.9, 0.0, 0.0, 3.9
2023, 11, 1, 24.7, 19.1, 12.7, 78.0, 2.6, 9.2, 0.0, 0.0, 2.6
2023, 11, 2, 26.7, 20.2, 16.8, 69.6, 2.5, 9.7, 0.0, 0.0, 1.9
2023, 11, 3, 25.5, 19.7, 13.6, 81.0, 1.8, 9.0, 0.0, 0.0, 5.0
2023, 11, 4, 22.8, 19.6, 17.5, 89.0, 0.8, 0.8, 3.4, 0.0, 7.6
2023, 11, 5, 26.0, 20.5, 17.3, 82.6, 3.0, 2.2, 11.8, 0.0, 9.1
2023, 11, 6, 22.9, 16.4, 12.1, 66.0, 5.7, 2.3, 19.3, 0.0, 7.8
2023, 11, 7, 13.5, 10.1, 4.8, 65.8, 2.1, 5.8, 0.4, 0.0, 4.3
2023, 11, 8, 16.4, 8.3, 2.0, 70.5, 0.7, 8.9, 0.0, 0.0, 2.3
2023, 11, 9, 20.4, 13.7, 6.4, 82.9, 1.2, 0.3, 29.5, 0.0, 7.9
2023, 11, 10, 13.2, 7.4, 1.9, 60.1, 1.9, 8.9, 0.5, 0.0, 4.5
2023, 11, 11, 8.2, 4.3, 0.0, 65.3, 1.4, 4.1, 0.0, 0.0, 5.0
2023, 11, 12, 6.8, 4.5, 1.9, 76.4, 0.9, 1.2, 0.7, 0.0, 9.0
2023, 11, 13, 9.5, 5.5, 0.1, 67.6, 1.2, 7.0, 0.1, 0.0, 4.9
2023, 11, 14, 11.4, 7.7, 4.1, 73.1, 0.6, 2.8, 0.0, 0.0, 6.9
2023, 11, 15, 14.3, 8.4, 4.6, 75.1, 0.8, 8.0, 0.0, 0.0, 4.4
2023, 11, 16, 9.3, 7.4, 5.0, 90.4, 1.0, 0.0, 18.6, 0.0, 8.4
2023, 11, 17, 8.3, 4.8, 2.7, 80.1, 2.0, 1.4, 16.1, 0.0, 8.0
2023, 11, 18, 8.9, 5.0, -0.6, 69.5, 2.5, 0.5, 2.8, 0.0, 7.8
2023, 11, 19, 15.1, 9.3, 1.9, 74.3, 1.6, 3.9, 0.0, 0.0, 4.4
2023, 11, 20, 13.0, 6.6, 2.0, 75.8, 0.8, 8.5, 0.0, 0.0, 0.0
2023, 11, 22, 17.6, 10.7, 2.0, 81.3, 1.0, 8.1, 0.0, 0.0, 2.6
2023, 11, 23, 17.1, 12.9, 7.0, 73.5, 2.2, 6.9, 0.0, 0.0, 3.6
2023, 11, 24, 7.5, 3.4, -0.1, 63.6, 2.3, 1.0, 0.2, 0.0, 7.3
2023, 11, 25, 4.8, 0.5, -2.5, 54.8, 1.5, 8.3, 0.0, 0.0, 1.3
2023, 11, 27, 13.7, 8.9, 5.0, 81.8, 1.3, 0.3, 0.9, 0.0, 7.5
2023, 11, 28, 9.3, 5.8, 1.7, 66.1, 1.6, 4.7, 0.0, 0.0, 5.9
2023, 11, 30, 3.8, 0.7, -1.4, 63.6, 2.1, 3.7, 0.0, 0.0, 8.4
2023, 12, 1, 4.0, 1.0, -1.3, 73.6, 1.1, 2.9, 0.8, 0.0, 7.9
2023, 12, 2, 8.9, 5.3, 0.0, 69.0, 1.5, 0.1, 0.0, 0.0, 8.4
2023, 12, 4, 9.6, 3.1, -3.1, 75.3, 0.6, 7.3, 0.0, 0.0, 3.9
2023, 12, 7, 13.0, 8.0, 1.6, 58.0, 1.9, 7.9, 0.0, 0.0, 0.0
2023, 12, 10, 17.4, 13.1, 10.7, 92.3, 0.9, 0.2, 0.4, 0.0, 9.1
2023, 12, 12, 12.1, 8.8, 7.1, 93.4, 1.0, 0.1, 0.3, 0.0, 7.3
2023, 12, 14, 12.8, 12.0, 10.8, 84.8, 2.0, 0.0, 17.6, 0.0, 8.9
2023, 12, 15, 15.8, 10.6, 6.5, 95.1, 2.7, 0.0, 47.0, 0.0, 9.9
2023, 12, 16, 6.5, 0.7, -2.0, 77.5, 4.1, 0.1, 2.3, 0.0, 9.3
2023, 12, 20, 2.0, -2.9, -6.7, 88.4, 1.6, 0.0, 13.7, 0.0, 8.9
2023, 12, 22, -4.6, -7.5, -11.5, 76.0, 1.0, 4.3, 1.6, 0.0, 4.1
2023, 12, 23, 0.7, -5.3, -11.4, 79.5, 0.6, 7.6, 0.0, 0.0, 5.6
2023, 12, 25, 5.2, 1.2, -2.5, 84.1, 0.7, 2.4, 0.0, 0.0, 8.5
2023, 12, 26, 7.6, 3.3, 0.4, 81.3, 0.4, 1.7, 0.0, 0.0, 8.3
2023, 12, 27, 8.7, 3.0, 0.0, 86.1, 0.6, 6.7, 0.0, 0.0, 4.5
2023, 12, 28, 7.4, 2.1, -1.6, 88.1, 0.6, 7.4, 0.0, 0.0, 2.6
2023, 12, 29, 7.8, 2.1, -1.8, 86.5, 0.5, 1.2, 0.0, 0.0, 4.3
2023, 12, 30, 8.8, 2.9, -1.7, 92.4, 0.9, 0.3, 1.1, 0.0, 7.8
2023, 12, 31, 9.5, 6.1, 4.2, 82.4, 2.5, 0.0, 3.1, 0.0, 9.5
2024, 1, 1, 9.4, 4.9, -0.2, 80.5, 0.6, 4.3, 0.0, 0.0, 5.5
